[
  {
    "metadataOutputVersion" : "3.0",
    "storagePrecision" : "Float32",
    "outputSchema" : [
      {
        "hasShapeFlexibility" : "0",
        "isOptional" : "0",
        "dataType" : "Double",
        "formattedType" : "MultiArray (Double)",
        "shortDescription" : "",
        "shape" : "[]",
        "name" : "conv7",
        "type" : "MultiArray"
      }
    ],
    "modelParameters" : [

    ],
    "specificationVersion" : 1,
    "computePrecision" : "Float16",
    "isUpdatable" : "0",
    "stateSchema" : [

    ],
    "availability" : {
      "macOS" : "10.13",
      "tvOS" : "11.0",
      "visionOS" : "1.0",
      "watchOS" : "4.0",
      "iOS" : "11.0",
      "macCatalyst" : "11.0"
    },
    "modelType" : {
      "name" : "MLModelType_neuralNetwork"
    },
    "userDefinedMetadata" : {

    },
    "inputSchema" : [
      {
        "hasShapeFlexibility" : "0",
        "isOptional" : "0",
        "dataType" : "Double",
        "formattedType" : "MultiArray (Double 3 × 156 × 156)",
        "shortDescription" : "",
        "shape" : "[3, 156, 156]",
        "name" : "input",
        "type" : "MultiArray"
      }
    ],
    "generatedClassName" : "waifu2x_photo_noise0_scale2",
    "neuralNetworkLayerTypeHistogram" : {
      "Deconvolution" : 1,
      "ActivationLeakyReLU" : 6,
      "Convolution" : 6
    },
    "method" : "predict"
  }
]